{
  "coef": [
    1.5951634622707425,
    4.7376534814241404,
    0.6072469121601894,
    0.8193103260712578,
    -0.17242976543602898,
    -0.03756374101163262,
    -0.06767907686085853,
    0.011750193339030622,
    -1.0406855915044557,
    -0.953383145108281
  ],
  "bias": 0.0,
  "ts": "2025-11-21T14:43:26.727439+00:00",
  "t_anchor": 1763691540.0,
  "constituents": [
    "M2",
    "S2",
    "K1",
    "O1",
    "N2"
  ]
}